<!DOCTYPE hibernate-configuration PUBLIC
        "-//Hibernate/Hibernate Configuration DTD 3.0//EN"
        "http://hibernate.sourceforge.net/hibernate-configuration-3.0.dtd">
<hibernate-configuration>
    <session-factory>
        <!-- Database connection settings -->
        <property name="hibernate.connection.driver_class">com.mysql.cj.jdbc.Driver</property>
        <property name="hibernate.connection.url">jdbc:mysql://localhost:3306/PDI_flight</property>
        <property name="hibernate.connection.username">root</property>
        <property name="hibernate.connection.password"/>
        <property name="hibernate.dialect">org.hibernate.dialect.MySQL8Dialect</property>

        <!-- Hibernate settings -->
        <property name="hibernate.show_sql">false</property>
        <property name="hibernate.format_sql">false</property>
        <property name="hibernate.hbm2ddl.auto">update</property>
        <property name="hibernate.current_session_context_class">thread</property>

        <!-- Auto-detect annotated classes -->
        <property name="hibernate.archive.autodetection">class</property>

        <mapping package="gvv.Entities"/>
    </session-factory>
</hibernate-configuration>
