<configuration>
    <appender name="CONSOLE" class="ch.qos.logback.core.ConsoleAppender">
        <encoder>
            <pattern>%d{yyyy-MM-dd HH:mm:ss} %-5level %logger{36} - %msg%n</pattern>
        </encoder>
    </appender>

    <!-- Root logger -->
    <root level="ERROR">
        <appender-ref ref="CONSOLE" />
    </root>

    <!-- Suppress Hibernate logs -->
    <logger name="org.hibernate" level="ERROR" />
    <logger name="org.hibernate.SQL" level="OFF" />
    <logger name="org.hibernate.type" level="OFF" />
</configuration>
